-- Definir o formato de data
SET datestyle = 'DMY';

-- Popula a tabela agentes
INSERT INTO Agente(id, nome, funcao) VALUES
(0, 'Alana', 'criador'),
(1, 'Caio', 'disseminador'),
(2, 'Yasmin', 'criador'),
(3, 'Benício', 'disseminador'),
(4, 'Isabella', 'criador'),
(5, 'Gabriel', 'disseminador'),
(6, 'Nina', 'criador'),
(7, 'Heitor', 'disseminador'),
(8, 'Sofia', 'criador'),
(9, 'Enzo', 'disseminador'),
(10, 'Manuela', 'criador'),
(11, 'Miguel', 'disseminador'),
(12, 'Alice', 'criador'),
(13, 'Davi', 'disseminador'),
(14, 'Laura', 'criador'),
(15, 'Benjamin', 'disseminador'),
(16, 'Júlia', 'criador'),
(17, 'Arthur', 'disseminador'),
(18, 'Valentina', 'criador'),
(19, 'Bernardo', 'disseminador'),
(20, 'Helena', 'criador'),
(21, 'Lucas', 'disseminador'),
(22, 'Beatriz', 'criador'),
(23, 'Mateus', 'disseminador'),
(24, 'Olivia', 'criador'),
(25, 'Guilherme', 'disseminador'),
(26, 'Manuela', 'criador'),
(27, 'Rafael', 'disseminador'),
(28, 'Aurora', 'criador'),
(29, 'Pedro', 'disseminador'),
(30, 'Clara', 'criador'),
(31, 'Samuel', 'disseminador'),
(32, 'Maya', 'criador'),
(33, 'Daniel', 'disseminador'),
(34, 'Cora', 'criador'),
(35, 'João', 'disseminador'),
(36, 'Stella', 'criador'),
(37, 'Gabriel', 'disseminador'),
(38, 'Chloe', 'criador'),
(39, 'Pedro', 'disseminador'),
(40, 'Yasmin', 'criador'),
(41, 'Benjamin', 'disseminador'),
(42, 'Isabella', 'criador'),
(43, 'Gabriel', 'disseminador'),
(44, 'Nina', 'criador'),
(45, 'Heitor', 'disseminador'),
(46, 'Sofia', 'criador'),
(47, 'Enzo', 'disseminador'),
(48, 'Manuela', 'criador'),
(49, 'Miguel', 'disseminador'),
(50, 'Yara', 'criador'),
(51, 'Caio', 'disseminador'),
(52, 'Anahí', 'criador'),
(53, 'Benício', 'disseminador'),
(54, 'Manacá', 'criador'),
(55, 'Gabriel', 'disseminador'),
(56, 'Nina', 'criador'),
(57, 'Heitor', 'disseminador'),
(58, 'Vitória-Régia', 'criador'),
(59, 'Enzo', 'disseminador'),
(60, 'Araguaia', 'criador'),
(61, 'Miguel', 'disseminador'),
(62, 'Alice', 'criador'),
(63, 'Davi', 'disseminador'),
(64, 'Marília', 'criador'),
(65, 'Benjamin', 'disseminador'),
(66, 'Júlia', 'criador'),
(67, 'Arthur', 'disseminador'),
(68, 'Valentina', 'criador'),
(69, 'Bernardo', 'disseminador'),
(70, 'Helena', 'criador'),
(71, 'Lucas', 'disseminador'),
(72, 'Beatriz', 'criador'),
(73, 'Mateus', 'disseminador'),
(74, 'Olivia', 'criador'),
(75, 'Guilherme', 'disseminador'),
(76, 'Manuela', 'criador'),
(77, 'Rafael', 'disseminador'),
(78, 'Aurora', 'criador'),
(79, 'Pedro', 'disseminador'),
(80, 'Esperança', 'criador'),
(81, 'Caio', 'disseminador'),
(82, 'Paz', 'criador'),
(83, 'Benício', 'disseminador'),
(84, 'Vitória', 'criador'),
(85, 'Gabriel', 'disseminador'),
(86, 'Nina', 'criador'),
(87, 'Heitor', 'disseminador'),
(88, 'Luz', 'criador'),
(89, 'Enzo', 'disseminador'),
(90, 'Alegria', 'criador'),
(91, 'Miguel', 'disseminador'),
(92, 'Alice', 'criador'),
(93, 'Davi', 'disseminador'),
(94, 'Graça', 'criador'),
(95, 'Benjamin', 'disseminador'),
(96, 'Júlia', 'criador'),
(97, 'Arthur', 'disseminador'),
(98, 'Valentina', 'criador'),
(99, 'Bernardo', 'disseminador');


-- Popula a tabela alvos
INSERT INTO Alvo (id, nome, tipo) VALUES
(0, 'Ana Silva', 'indivíduo comum'),
(1, 'Carlos Oliveira', 'figura pública'),
(2, 'Mariana Santos', 'indivíduo político'),
(3, 'Clube Caixa', 'grupo social'),
(4, 'Fernanda Costa', 'indivíduo comum'),
(5, 'Gabriel Rocha', 'indivíduo político'),
(6, 'Brasil', 'país'),
(7, 'Governo do Brasil', 'governo'),
(8, 'Beatriz Lima', 'indivíduo político'),
(9, 'Pedro Henrique', 'indivíduo comum'),
(10, 'Camila Martins', 'figura pública'),
(11, 'Grupo banespa', 'grupo social'),
(12, 'Juliana Pereira', 'indivíduo comum'),
(13, 'Argentina', 'país'),
(14, 'Governo da Argentina', 'governo'),
(15, 'Larissa Ribeiro', 'indivíduo político'),
(16, 'Roberto Pinto', 'indivíduo comum'),
(17, 'Sofia Almeida', 'figura pública'),
(18, 'Daniela Mendes', 'indivíduo político'),
(19, 'Rotary', 'grupo social'),
(20, 'Uruguai', 'país'),
(21, 'Governo do Uruguai', 'governo'),
(22, 'Isabela Santos', 'indivíduo comum'),
(23, 'Samuel Rocha', 'indivíduo comum'),
(24, 'Patrícia Ferreira', 'figura pública'),
(25, 'Felipe Almeida', 'indivíduo político'),
(26, 'Grupo Souza', 'grupo social'),
(27, 'Colômbia', 'país'),
(28, 'Governo da Colômbia', 'governo'),
(29, 'Marcelo Nascimento', 'indivíduo comum'),
(30, 'Marcos Oliveira', 'indivíduo comum'),
(31, 'Julia Santos', 'figura pública'),
(32, 'Gabriel Dias', 'indivíduo político'),
(33, 'Maçonaria', 'grupo social'),
(34, 'Paraguai', 'país'),
(35, 'Governo do Paraguai', 'governo'),
(36, 'Renata Pereira', 'indivíduo comum'),
(37, 'Tatiane Almeida', 'indivíduo comum'),
(38, 'Juliano Ferreira', 'indivíduo político'),
(39, 'Carla Oliveira', 'figura pública'),
(40, 'Grupo Santander', 'grupo social'),
(41, 'Bolívia', 'país'),
(42, 'Governo da Bolívia', 'governo'),
(43, 'Eduardo Almeida', 'indivíduo comum'),
(44, 'Raquel Ferreira', 'indivíduo comum'),
(45, 'João Pedro', 'figura pública'),
(46, 'Aline Dias', 'indivíduo político'),
(47, 'Grupo AABB', 'grupo social'),
(48, 'Equador', 'país'),
(49, 'Governo do Equador', 'governo'),
(50, 'Nicolas Oliveira', 'indivíduo comum'),
(51, 'Tatiane Santos', 'figura pública'),
(52, 'Anderson Almeida', 'indivíduo político'),
(53, 'Grupo Sindical', 'grupo social'),
(54, 'Cuba', 'país'),
(55, 'Governo de Cuba', 'governo'),
(56, 'Chile', 'país'),
(57, 'Governo do Chile', 'governo'),
(58, 'Fernanda Mendes', 'indivíduo comum'),
(59, 'Rogério Lima', 'figura pública'),
(60, 'Eduarda Santos', 'indivíduo político'),
(61, 'Grupo do Ribeiro', 'grupo social'),
(62, 'México', 'país'),
(63, 'Governo do México', 'governo'),
(64, 'Camila Almeida', 'indivíduo comum'),
(65, 'Sérgio Oliveira', 'indivíduo comum'),
(66, 'Priscila Santos', 'figura pública'),
(67, 'Ricardo Ferreira', 'indivíduo político'),
(68, 'Júlio Nascimento', 'indivíduo comum'),
(69, 'Brasil', 'país'),
(70, 'Venezuela', 'governo'),
(71, 'Rafaela Costa', 'indivíduo comum'),
(72, 'Gustavo Santos', 'indivíduo comum'),
(73, 'Daniela Almeida', 'figura pública'),
(74, 'Vinícius Rocha', 'indivíduo político'),
(75, 'Grupo Ferreira', 'grupo social'),
(76, 'Palestina', 'país'),
(77, 'Peru', 'governo'),
(78, 'Vanessa Mendes', 'indivíduo comum'),
(79, 'Edson Lima', 'indivíduo comum'),
(80, 'Laís Santos', 'figura pública'),
(81, 'Rafael Almeida', 'indivíduo político'),
(82, 'Cristiane Rocha', 'indivíduo comum'),
(83, 'Líbano', 'país'),
(84, 'Paraguai', 'governo'),
(85, 'Marcelo Santos', 'indivíduo comum'),
(86, 'Gustavo Nascimento', 'indivíduo comum'),
(87, 'Paula Ferreira', 'figura pública'),
(88, 'Henrique Dias', 'indivíduo político'),
(89, 'Grupo ABE', 'grupo social'),
(90, 'Egito', 'país'),
(91, 'Governo do Estado de São Paulo', 'governo'),
(92, 'Rodrigo Santos', 'indivíduo comum'),
(93, 'Diego Oliveira', 'indivíduo comum'),
(94, 'Flávia Mendes', 'figura pública'),
(95, 'Jessica Ribeiro', 'indivíduo político'),
(96, 'Grupo Azul e Branco', 'grupo social'),
(97, 'Trinidad e Tobado', 'país'),
(98, 'Governo do México', 'governo'),
(99, 'Marcela Almeida', 'indivíduo comum');


-- Popula a tabela localizacao
INSERT INTO Localizacao (id, plataforma, url, pais) VALUES
(0, 'redes sociais', 'facebook.com', 'Brasil'),
(1, 'website', 'http://notfakes.com', 'Argentina'),
(2, 'grupos de whatsapp', 'Grupo Jovem FLA', 'Colômbia'),
(3, 'SMS', '', 'Brasil'),
(4, 'website', 'http://noticias.com', 'Paraguai'),
(5, 'redes sociais', 'twitter.com', 'Peru'),
(6, 'grupos de whatsapp', 'Grupo Caixa', 'Venezuela'),
(7, 'website', 'http://politik.com', 'Bolívia'),
(8, 'redes sociais', 'instagram.com', 'Uruguai'),
(9, 'SMS', '', 'Brasil'),
(10, 'website', 'http://www.uol.com', 'Colômbia'),
(11, 'grupos de whatsapp', 'Grupo Trabalho', 'Argentina'),
(12, 'redes sociais', 'linkedin.com', 'Venezuela'),
(13, 'SMS', '', 'Uruguai'),
(14, 'website', 'http://www.globo.com', 'Peru'),
(15, 'grupos de whatsapp', 'Grupo Viagem', 'Paraguai'),
(16, 'redes sociais', 'tiktok.com', 'Bolívia'),
(17, 'website', 'http://www.bandnews.com.br', 'Brasil'),
(18, 'SMS', '', 'Argentina'),
(19, 'grupos de whatsapp', 'Escola 14 de Abril', 'Colômbia'),
(20, 'redes sociais', 'youtube.com', 'Peru'),
(21, 'website', 'http://www.r7.com.br', 'Brasil'),
(22, 'grupos de whatsapp', 'Grupo do Fut', 'Paraguai'),
(23, 'SMS', '', 'Bolívia'),
(24, 'redes sociais', 'pinterest.com', 'Venezuela'),
(25, 'website', 'http://www.NewYorkTimes.com', 'Uruguai'),
(26, 'grupos de whatsapp', 'Grupo Estudos Semanais', 'Colômbia'),
(27, 'redes sociais', 'snapchat.com', 'Brasil'),
(28, 'SMS', '', 'Paraguai'),
(29, 'website', 'http://www.TheGardian.com', 'Argentina'),
(30, 'grupos de whatsapp', 'Grupo Futebol', 'Venezuela'),
(31, 'redes sociais', 'tumblr.com', 'Bolívia'),
(32, 'SMS', '', 'Peru'),
(33, 'website', 'http://www.CNN.com', 'Brasil'),
(34, 'grupos de whatsapp', 'Grupo Música', 'Uruguai'),
(35, 'redes sociais', 'reddit.com', 'Colômbia'),
(36, 'SMS', '', 'Argentina'),
(37, 'website', 'http://www.youtube.com', 'Paraguai'),
(38, 'grupos de whatsapp', 'Grupo Carona', 'Venezuela'),
(39, 'redes sociais', 'quora.com', 'Brasil'),
(40, 'website', 'http://www.veja.com.br', 'Bolívia'),
(41, 'SMS', '', 'Uruguai'),
(42, 'grupos de whatsapp', 'Grupo Colegas', 'Colômbia'),
(43, 'redes sociais', 'wechat.com', 'Argentina'),
(44, 'website', 'http://www.leFigaro.com', 'Peru'),
(45, 'grupos de whatsapp', 'Grupo do oxxo', 'Paraguai'),
(46, 'redes sociais', 'vk.com', 'Bolívia'),
(47, 'SMS', '', 'Venezuela'),
(48, 'website', 'http://www.elpais.com.br', 'Brasil'),
(49, 'grupos de whatsapp', 'Grupo do oxxoII', 'Uruguai');


-- Popula a tabela Midia
INSERT INTO Midia (id, tipo, caminho_arquivo, descricao, data_criacao, data_encontrada, eh_deepfake, agente_id) VALUES
(0, 'vídeo', '/home/documents/midias', 'Atriz Tichina Arnold respondendo fãs brasileiros', '12/03/2017', '25/03/2017', TRUE, 45),
(1, 'imagem', '/home/documents/midias', 'Debate ao vivo: Guilherme Boulos confronta seus adversários sobre saúde pública.', '07/08/2021', '10/08/2021', FALSE, 23),
(2, 'áudio', '/home/documents/midias', 'Cantora Gretchen falando sobre suas propostas para a Prefeitura de Itamaracá', '05/06/2019', '15/06/2019', TRUE, 12),
(3, 'vídeo', '/home/documents/midias', 'Cachorro salva dono de afogamento - emocionante resgate!', '30/11/2020', '05/12/2020', FALSE, 87),
(4, 'imagem', '/home/documents/midias', 'Cantora Katy Perry ganhando o Grammy', '02/02/2018', '08/02/2018', TRUE, 99),
(5, 'áudio', '/home/documents/midias', 'Debate entre candidatos a prefeitura da cidade de Campinas.', '18/09/2016', '20/09/2016', FALSE, 34),
(6, 'vídeo', '/home/documents/midias', 'Pablo Marçal fala sobre educação: as mudanças que ele planeja implementar.', '14/05/2022', '19/05/2022', TRUE, 76),
(7, 'imagem', '/home/documents/midias', 'Protesto de professores em frente ao Palácio dos Bandeirantes.', '22/12/2019', '25/12/2019', FALSE, 15),
(8, 'áudio', '/home/documents/midias', 'Pabllo Vittar fala sobre suas intenções de se candidatar a Deputada Federal', '09/01/2017', '12/01/2017', TRUE, 61),
(9, 'vídeo', '/home/documents/midias', 'Trecho de entrevista com Jair Bolsonaro sobre a economia atual.', '06/07/2023', '10/07/2023', FALSE, 38),
(10, 'imagem', '/home/documents/midias', 'Manifestação pró-democracia na Avenida Paulista.', '21/04/2020', '23/04/2020', TRUE, 55),
(11, 'áudio', '/home/documents/midias', 'Entrevista com a candidata Tábata Amaral.', '13/08/2018', '17/08/2018', FALSE, 29),
(12, 'vídeo', '/home/documents/midias', 'Discurso do presidente Lula sobre as novas medidas de combate à criminalidade.', '10/10/2023', '15/10/2023', TRUE, 44),
(13, 'imagem', '/home/documents/midias', 'Foto da convenção do PSDB em Brasília.', '19/03/2023', '22/03/2023', FALSE, 32),
(14, 'áudio', '/home/documents/midias', 'Declaração polêmica de vereador do PSOL durante sessão na Câmara.', '24/06/2016', '27/06/2016', TRUE, 49),
(15, 'vídeo', '/home/documents/midias', 'Cobertura ao vivo das enchentes no Rio de Janeiro.', '04/11/2020', '08/11/2020', FALSE, 65),
(16, 'imagem', '/home/documents/midias', 'Foto do acidente na Rodovia dos Bandeirantes.', '28/05/2017', '30/05/2017', TRUE, 84),
(17, 'áudio', '/home/documents/midias', 'Discurso motivacional durante conferência sobre empreendedorismo.', '15/09/2019', '20/09/2019', FALSE, 27),
(18, 'vídeo', '/home/documents/midias', 'Discurso eleitoral de Lula nas eleições de 2022.', '08/02/2022', '13/02/2022', TRUE, 91),
(19, 'imagem', '/home/documents/midias', 'Foto de briga durante comemorações em estádio.', '14/06/2018', '18/06/2018', FALSE, 6),
(20, 'áudio', '/home/documents/midias', 'Gravação de coletiva de imprensa sobre reforma da previdência.', '03/12/2017', '07/12/2017', TRUE, 73),
(21, 'vídeo', '/home/documents/midias', 'Transmissão de jogo de futebol entre Brasil e Argentina.', '27/07/2024', '30/07/2024', FALSE, 88),
(22, 'imagem', '/home/documents/midias', 'Imagem do comício em apoio à candidatura de Ciro Gomes.', '16/04/2018', '20/04/2018', TRUE, 57),
(23, 'áudio', '/home/documents/midias', 'Entrevista com especialista sobre política internacional.', '11/01/2016', '15/01/2016', FALSE, 31),
(24, 'vídeo', '/home/documents/midias', 'Pronunciamento oficial do Governo Lula sobre novas políticas ambientais.', '26/08/2024', '29/08/2024', TRUE, 9),
(25, 'imagem', '/home/documents/midias', 'Foto de comício em Belo Horizonte.', '01/03/2023', '05/03/2023', FALSE, 42),
(26, 'áudio', '/home/documents/midias', 'Discurso de Alexandre de Moraes sobre o 8 de Janeiro.', '23/09/2023', '28/09/2023', TRUE, 77),
(27, 'vídeo', '/home/documents/midias', 'Reportagem sobre os efeitos da crise hídrica no Brasil.', '07/05/2018', '10/05/2018', FALSE, 18),
(28, 'imagem', '/home/documents/midias', 'Foto do presidente Bolsonaro em reunião com líderes empresariais.', '29/10/2019', '02/11/2019', TRUE, 11),
(29, 'áudio', '/home/documents/midias', 'Debate sobre economia com representantes de diferentes partidos.', '02/07/2020', '06/07/2020', FALSE, 71),
(30, 'vídeo', '/home/documents/midias', 'Entrevista com ex-ministro sobre políticas de saúde pública.', '18/11/2023', '22/11/2023', TRUE, 59),
(31, 'imagem', '/home/documents/midias', 'Manifestação contra cortes na educação do Governo Temer em Brasília.', '06/02/2017', '10/02/2017', FALSE, 3),
(32, 'áudio', '/home/documents/midias', 'Entrevista com autor sobre seu novo livro de política.', '30/06/2022', '04/07/2022', TRUE, 95),
(33, 'vídeo', '/home/documents/midias', 'Transmissão ao vivo do lançamento de foguete em Cabo Canaveral.', '09/08/2024', '13/08/2024', FALSE, 25),
(34, 'imagem', '/home/documents/midias', 'Foto de passeata de ambientalistas no Rio de Janeiro.', '12/09/2021', '16/09/2021', TRUE, 5),
(35, 'áudio', '/home/documents/midias', 'Discussão sobre reformas trabalhistas com economistas.', '24/04/2018', '28/04/2018', FALSE, 70),
(36, 'vídeo', '/home/documents/midias', 'Cobertura da eleição presidencial de 2020 nos EUA.', '03/01/2020', '07/01/2020', TRUE, 1),
(37, 'imagem', '/home/documents/midias', 'Imagem do Parque Ibirapuera inundado após fortes chuvas.', '11/10/2019', '14/10/2019', FALSE, 98),
(38, 'áudio', '/home/documents/midias', 'Declarações sobre o impacto da reforma tributária.', '21/12/2023', '24/12/2023', TRUE, 52),
(39, 'vídeo', '/home/documents/midias', 'Discurso presidencial sobre a crise econômica global.', '08/03/2022', '12/03/2022', FALSE, 16),
(40, 'imagem', '/home/documents/midias', 'Protesto de estudantes contra aumento de mensalidades.', '15/04/2016', '18/04/2016', TRUE, 67),
(41, 'áudio', '/home/documents/midias', 'Entrevista com ambientalista sobre desmatamento na Amazônia.', '22/06/2021', '26/06/2021', FALSE, 14),
(42, 'vídeo', '/home/documents/midias', 'Discurso de encerramento da conferência sobre mudanças climáticas.', '17/11/2024', '21/11/2024', TRUE, 40),
(43, 'imagem', '/home/documents/midias', 'Imagem do protesto contra a corrupção no centro de São Paulo.', '04/09/2017', '08/09/2017', FALSE, 79),
(44, 'áudio', '/home/documents/midias', 'Discussão sobre as reformas fiscais na Câmara dos Deputados.', '19/05/2019', '22/05/2019', TRUE, 36),
(45, 'vídeo', '/home/documents/midias', 'Trecho da entrevista de ex-presidente Michel Temer sobre a economia.', '27/07/2023', '31/07/2023', FALSE, 22),
(46, 'imagem', '/home/documents/midias', 'Protesto pacífico em apoio a causas indígenas.', '14/11/2016', '19/11/2016', TRUE, 13),
(47, 'áudio', '/home/documents/midias', 'Cobertura de evento de premiação no setor de tecnologia.', '25/12/2018', '28/12/2018', FALSE, 50),
(48, 'vídeo', '/home/documents/midias', 'Entrevista com especialista sobre o impacto das novas leis trabalhistas.', '30/10/2020', '03/11/2020', TRUE, 63),
(49, 'imagem', '/home/documents/midias', 'Imagem de conferência internacional sobre sustentabilidade.', '10/07/2022', '14/07/2022', FALSE, 26);


-- Popula a tabela Motivo
INSERT INTO Motivo (id, tipo, descricao) VALUES
(0, 'socioambiental', 'Não é deepfake'),
(1, 'social', 'Influenciar opinião pública sobre atriz'),
(2, 'político', 'Não é deepfake'),
(3, 'político', 'Impactar as eleições municipais de Itamaracá'),
(4, 'cultural', 'Não é deepfake'),
(5, 'social', 'Impactar opinião pública sobre cantora'),
(6, 'político', 'Não é deepfake'),
(7, 'político', 'Impactar resultados eleitorais'),
(8, 'sociopolítico', 'Não é deepfake'),
(9, 'político', 'Influenciar opinião pública sobre cantora'),
(10, 'político', 'Não é deepfake'),
(11, 'sociopolítico', 'Causar furor político entre eleitores'),
(12, 'político', 'Não é deepfake'),
(13, 'político', 'Disseminar mentiras sobre o discurso presidencial'),
(14, 'político', 'Não é deepfake'),
(15, 'político', 'Aproveitar-se da situação para influenciar opiniões acerca do partido'),
(16, 'socioambiental', 'Não é deepfake'),
(17, 'social', 'Causar temor entre os motoristas'),
(18, 'social', 'Não é deepfake'),
(19, 'político', 'Influenciar resultados eleitorais'),
(20, 'social', 'Não é deepfake'),
(21, 'político', 'Impactar opinião pública sobre a reforma da previdência'),
(22, 'cultural', 'Não é deepfake'),
(23, 'político', 'Fingir que o comício estava lotado para influenciar eleitores'),
(24, 'político', 'Não é deepfake'),
(25, 'político', 'Influenciar opinião pública sobre o Governo Lula'),
(26, 'político', 'Não é deepfake'),
(27, 'sociopolítico', 'Influenciar opinião pública sobre o Ministro'),
(28, 'socioambiental', 'Não é deepfake'),
(29, 'político', 'Causar polêmicas nos discursos políticos'),
(30, 'econômico', 'Não é deepfake'),
(31, 'social', 'Influenciar opinião pública sobre o Governo Lula'),
(32, 'sociopolítico', 'Não é deepfake'),
(33, 'política', 'Influenciar opinião pública sobre partidos políticos brasileiros'),
(34, 'social', 'Não é deepfake'),
(35, 'socioambiental', 'Impactar opinião pública sobre movimento ambientalista'),
(36, 'econômico', 'Não é deepfake'),
(37, 'político', 'Causar polêmica sobre os resultados das eleições americanas'),
(38, 'ambiental', 'Não é deepfake'),
(39, 'socioeconômico', 'Impactar opinião pública sobre a reforma tributária'),
(40, 'econômico', 'Não é deepfake'),
(41, 'social', 'Impactar opinião pública sobre movimento estudantil'),
(42, 'ambiental', 'Não é deepfake'),
(43, 'ambiental', 'Impactar opinião pública sobre crise climática'),
(44, 'sociopolítico', 'Não é deepfake'),
(45, 'político', 'Impactar opinião pública sobre a reforma tributária'),
(46, 'político', 'Não é deepfake'),
(47, 'social', 'Impactar opinião pública sobre direitos indígenas'),
(48, 'social', 'Não é deepfake'),
(49, 'social', 'Causar polêmica sobre os direitos trabalhistas brasileiros');


-- Popula a tabela Regulamento
INSERT INTO Regulamento (id, nome_pais, leis, detalhes) VALUES
(0, 'Brasil', 'há regulação sobre deepfakes', 'leis fracas'),
(1, 'Argentina', 'há regulação sobre deepfakes', 'leis fracas'),
(2, 'Colômbia', 'há regulação sobre deepfakes', 'leis fracas'),
(3, 'Chile', 'há regulação sobre deepfakes', 'leis fortes'),
(4, 'Paraguai', 'não há regulação sobre deepfakes', 'sem leis'),
(5, 'Peru', 'não há regulação sobre deepfakes', 'sem leis'),
(6, 'Bolívia', 'não há regulação sobre deepfakes', 'sem leis'),
(7, 'Uruguai', 'não há regulação sobre deepfakes', 'sem leis'),
(8, 'Brasil', 'há regulação sobre deepfakes', 'leis fracas'),
(9, 'Argentina', 'há regulação sobre deepfakes', 'leis fracas'),
(10, 'Colômbia', 'há regulação sobre deepfakes', 'leis fracas'),
(11, 'Chile', 'há regulação sobre deepfakes', 'leis fortes'),
(12, 'Paraguai', 'não há regulação sobre deepfakes', 'sem leis'),
(13, 'Peru', 'não há regulação sobre deepfakes', 'sem leis'),
(14, 'Bolívia', 'não há regulação sobre deepfakes', 'sem leis'),
(15, 'Uruguai', 'não há regulação sobre deepfakes', 'sem leis'),
(16, 'Brasil', 'há regulação sobre deepfakes', 'leis fracas'),
(17, 'Argentina', 'há regulação sobre deepfakes', 'leis fracas'),
(18, 'Colômbia', 'há regulação sobre deepfakes', 'leis fracas'),
(19, 'Chile', 'há regulação sobre deepfakes', 'leis fortes'),
(20, 'Paraguai', 'não há regulação sobre deepfakes', 'sem leis'),
(21, 'Peru', 'não há regulação sobre deepfakes', 'sem leis'),
(22, 'Bolívia', 'não há regulação sobre deepfakes', 'sem leis'),
(23, 'Uruguai', 'não há regulação sobre deepfakes', 'sem leis'),
(24, 'Brasil', 'há regulação sobre deepfakes', 'leis fracas'),
(25, 'Argentina', 'há regulação sobre deepfakes', 'leis fracas'),
(26, 'Colômbia', 'há regulação sobre deepfakes', 'leis fracas'),
(27, 'Chile', 'há regulação sobre deepfakes', 'leis fortes'),
(28, 'Paraguai', 'não há regulação sobre deepfakes', 'sem leis'),
(29, 'Peru', 'não há regulação sobre deepfakes', 'sem leis'),
(30, 'Bolívia', 'não há regulação sobre deepfakes', 'sem leis'),
(31, 'Uruguai', 'não há regulação sobre deepfakes', 'sem leis'),
(32, 'Brasil', 'há regulação sobre deepfakes', 'leis fracas'),
(33, 'Argentina', 'há regulação sobre deepfakes', 'leis fracas'),
(34, 'Colômbia', 'há regulação sobre deepfakes', 'leis fracas'),
(35, 'Chile', 'há regulação sobre deepfakes', 'leis fortes'),
(36, 'Paraguai', 'não há regulação sobre deepfakes', 'sem leis'),
(37, 'Peru', 'não há regulação sobre deepfakes', 'sem leis'),
(38, 'Bolívia', 'não há regulação sobre deepfakes', 'sem leis'),
(39, 'Uruguai', 'não há regulação sobre deepfakes', 'sem leis'),
(40, 'Brasil', 'há regulação sobre deepfakes', 'leis fracas'),
(41, 'Argentina', 'há regulação sobre deepfakes', 'leis fracas'),
(42, 'Colômbia', 'há regulação sobre deepfakes', 'leis fracas'),
(43, 'Chile', 'há regulação sobre deepfakes', 'leis fortes'),
(44, 'Paraguai', 'não há regulação sobre deepfakes', 'sem leis'),
(45, 'Peru', 'não há regulação sobre deepfakes', 'sem leis'),
(46, 'Bolívia', 'não há regulação sobre deepfakes', 'sem leis'),
(47, 'Uruguai', 'não há regulação sobre deepfakes', 'sem leis'),
(48, 'Brasil', 'há regulação sobre deepfakes', 'leis fracas'),
(49, 'Argentina', 'há regulação sobre deepfakes', 'leis fracas');

-- Popula a tabela Tag
INSERT INTO Tag (id, nome) VALUES
(0, '#vídeo #fake #Brasil'),
(1, '#imagem #true #Argentina'),
(2, '#áudio #fake #Colômbia'),
(3, '#vídeo #true #Brasil'),
(4, '#imagem #fake #Paraguai'),
(5, '#áudio #true #Peru'),
(6, '#vídeo #fake #Venezuela'),
(7, '#imagem #true #Uruguai'),
(8, '#áudio #fake #Brasil'),
(9, '#vídeo #true #Colômbia'),
(10, '#imagem #fake #Argentina'),
(11, '#áudio #true #Venezuela'),
(12, '#vídeo #fake #Uruguai'),
(13, '#imagem #true #Peru'),
(14, '#áudio #fake #Paraguai'),
(15, '#vídeo #true #Bolívia'),
(16, '#imagem #fake #Brasil'),
(17, '#áudio #true #Argentina'),
(18, '#vídeo #fake #Colômbia'),
(19, '#imagem #true #Peru'),
(20, '#áudio #fake #Brasil'),
(21, '#vídeo #true #Paraguai'),
(22, '#imagem #fake #Bolívia'),
(23, '#áudio #true #Uruguai'),
(24, '#vídeo #fake #Venezuela'),
(25, '#imagem #true #Brasil'),
(26, '#áudio #fake #Colômbia'),
(27, '#vídeo #true #Argentina'),
(28, '#imagem #fake #Uruguai'),
(29, '#áudio #true #Paraguai'),
(30, '#vídeo #fake #Venezuela'),
(31, '#imagem #true #Bolívia'),
(32, '#áudio #fake #Peru'),
(33, '#vídeo #true #Brasil'),
(34, '#imagem #fake #Argentina'),
(35, '#áudio #true #Uruguai'),
(36, '#vídeo #fake #Colômbia'),
(37, '#imagem #true #Paraguai'),
(38, '#áudio #fake #Venezuela'),
(39, '#vídeo #true #Brasil'),
(40, '#imagem #fake #Bolívia'),
(41, '#áudio #true #Uruguai'),
(42, '#vídeo #fake #Colômbia'),
(43, '#imagem #true #Argentina'),
(44, '#áudio #fake #Peru'),
(45, '#vídeo #true #Paraguai'),
(46, '#imagem #fake #Bolívia'),
(47, '#áudio #true #Venezuela'),
(48, '#vídeo #fake #Brasil'),
(49, '#imagem #true #Uruguai');


INSERT INTO Agente_Alvo (agente_id, alvo_id) VALUES
(0, 10),
(1, 23),
(2, 35),
(3, 1),
(4, 18),
(5, 27),
(6, 42),
(7, 3),
(8, 5),
(9, 50),
(10, 21),
(11, 8),
(12, 37),
(13, 15),
(14, 30),
(15, 6),
(16, 40),
(17, 44),
(18, 2),
(19, 11),
(20, 33),
(21, 20),
(22, 4),
(23, 19),
(24, 29),
(25, 43),
(26, 31),
(27, 45),
(28, 25),
(29, 39),
(30, 12),
(31, 7),
(32, 9),
(33, 36),
(34, 14),
(35, 38),
(36, 13),
(37, 24),
(38, 22),
(39, 26),
(40, 46),
(41, 48),
(42, 16),
(43, 34),
(44, 17),
(45, 32),
(46, 49),
(47, 28),
(48, 41),
(49, 47),
(50, 0),
(51, 3),
(52, 8),
(53, 5),
(54, 4),
(55, 2),
(56, 1),
(57, 23),
(58, 30),
(59, 15),
(60, 6),
(61, 10),
(62, 19),
(63, 13),
(64, 40),
(65, 36),
(66, 27),
(67, 32),
(68, 33),
(69, 45),
(70, 12),
(71, 48),
(72, 18),
(73, 26),
(74, 14),
(75, 50),
(76, 7),
(77, 11),
(78, 39),
(79, 44),
(80, 20),
(81, 35),
(82, 29),
(83, 9),
(84, 24),
(85, 8),
(86, 3),
(87, 1),
(88, 10),
(89, 5),
(90, 15),
(91, 21),
(92, 6),
(93, 13),
(94, 22),
(95, 38),
(96, 42),
(97, 46),
(98, 28),
(99, 12);


INSERT INTO Midia_Localizacao (midia_id, localizacao_id) VALUES
(0, 5),
(1, 10),
(2, 15),
(3, 20),
(4, 25),
(5, 30),
(6, 35),
(7, 40),
(8, 45),
(9, 1),
(10, 6),
(11, 11),
(12, 16),
(13, 21),
(14, 26),
(15, 31),
(16, 36),
(17, 41),
(18, 2),
(19, 7),
(20, 12),
(21, 17),
(22, 22),
(23, 27),
(24, 32),
(25, 37),
(26, 42),
(27, 3),
(28, 8),
(29, 13),
(30, 18),
(31, 23),
(32, 28),
(33, 33),
(34, 38),
(35, 43),
(36, 4),
(37, 9),
(38, 14),
(39, 19),
(40, 24),
(41, 29),
(42, 34),
(43, 39),
(44, 44),
(45, 0),
(46, 49),
(47, 48),
(48, 47),
(49, 46);


INSERT INTO Midia_Motivo (midia_id, motivo_id) VALUES
(0, 1),
(1, 2),
(2, 3),
(3, 4),
(4, 5),
(5, 6),
(6, 7),
(7, 8),
(8, 9),
(9, 10),
(10, 11),
(11, 12),
(12, 13),
(13, 14),
(14, 15),
(15, 16),
(16, 17),
(17, 18),
(18, 19),
(19, 20),
(20, 21),
(21, 22),
(22, 23),
(23, 24),
(24, 25),
(25, 26),
(26, 27),
(27, 28),
(28, 29),
(29, 30),
(30, 31),
(31, 32),
(32, 33),
(33, 34),
(34, 35),
(35, 36),
(36, 37),
(37, 38),
(38, 39),
(39, 40),
(40, 41),
(41, 42),
(42, 43),
(43, 44),
(44, 45),
(45, 46),
(46, 47),
(47, 48),
(48, 49),
(49, 0);


INSERT INTO Midia_Regulamento (midia_id, regulamento_id) VALUES
(0, 0),
(1, 1),
(2, 2),
(3, 0),
(4, 4),
(5, 5),
(6, 6),
(7, 7),
(8, 8),
(9, 0),
(10, 2),
(11, 1),
(12, 2),
(13, 4),
(14, 5),
(15, 4),
(16, 7),
(17, 0),
(18, 1),
(19, 2),
(20, 5),
(21, 0),
(22, 4),
(23, 7),
(24, 0),
(25, 8),
(26, 2),
(27, 0),
(28, 4),
(29, 1),
(30, 6),
(31, 7),
(32, 5),
(33, 0),
(34, 8),
(35, 2),
(36, 1),
(37, 4),
(38, 7),
(39, 0),
(40, 5),
(41, 8),
(42, 1),
(43, 2),
(44, 4),
(45, 7),
(46, 0),
(47, 6),
(48, 0),
(49, 8);


INSERT INTO Midia_Tag (midia_id, tag_id) VALUES
(0, 0),
(1, 1),
(2, 2),
(3, 3),
(4, 4),
(5, 5),
(6, 6),
(7, 7),
(8, 8),
(9, 9),
(10, 10),
(11, 11),
(12, 12),
(13, 13),
(14, 14),
(15, 15),
(16, 16),
(17, 17),
(18, 18),
(19, 19),
(20, 20),
(21, 21),
(22, 22),
(23, 23),
(24, 24),
(25, 25),
(26, 26),
(27, 27),
(28, 28),
(29, 29),
(30, 30),
(31, 31),
(32, 32),
(33, 33),
(34, 34),
(35, 35),
(36, 36),
(37, 37),
(38, 38),
(39, 39),
(40, 40),
(41, 41),
(42, 42),
(43, 43),
(44, 44),
(45, 45),
(46, 46),
(47, 47),
(48, 48),
(49, 49);
